start_dt,start,end,days,stated_total_kwh,sum_kwh,reconciles,n_rate_blocks,peak_usage_qty,offpeak_usage_qty,shoulder_usage_qty,controlled_load_qty,peak_usage_rate,offpeak_usage_rate,shoulder_usage_rate,controlled_load_rate,daily_charge_rate,total_aud
2025-04-28,28-Apr-2025,11-May-2025,14,184.36,184.36,True,1,33.87,43.54,38.16,68.79,0.341,0.2112,0.2112,0.22,1.199,60.73
2025-05-12,12-May-2025,08-Jun-2025,28,572.26,572.26,True,1,108.48,107.16,181.93,174.69,0.341,0.2112,0.2112,0.22,1.199,170.04
2025-06-09,09-Jun-2025,06-Jul-2025,28,1222.77,1222.77,True,1,181.56,210.45,626.91,203.85,0.341,0.2112,0.2112,0.22,1.199,317.18
2025-07-07,07-Jul-2025,03-Aug-2025,28,1005.84,1005.85,True,1,156.93,182.79,412.08,254.05,0.341,0.2112,0.2112,0.22,1.199,268.61
2025-08-04,04-Aug-2025,31-Aug-2025,28,778.72,778.73,True,1,114.15,131.95,349.3,183.33,0.341,0.2112,0.2112,0.22,1.199,214.47
2025-09-01,01-Sep-2025,28-Sep-2025,28,469.2,469.2,True,1,97.73,77.84,118.71,174.92,0.341,0.2112,0.2112,0.22,1.199,146.89
2025-09-29,29-Sep-2025,26-Oct-2025,28,433.82,433.82,True,1,99.55,99.5,97.52,137.25,0.341,0.2112,0.2112,0.22,1.199,139.33
2025-10-27,27-Oct-2025,23-Nov-2025,28,416.38,416.38,True,1,99.3,110.19,82.87,124.02,0.341,0.2112,0.2112,0.22,1.199,135.48
2025-11-24,24-Nov-2025,21-Dec-2025,28,468.33,468.33,True,1,160.27,146.53,78.97,82.56,0.341,0.2112,0.2112,0.22,1.199,154.01
2025-12-22,22-Dec-2025,18-Jan-2026,28,457.34,457.34,True,2,130.07,177.74,74.25,75.28,0.4378,0.2585,0.2805,0.22,1.375,165.34
2026-01-19,19-Jan-2026,15-Feb-2026,28,525.5,525.5,True,1,159.73,184.92,77.91,102.94,0.4378,0.2585,0.2805,0.2046,1.375,199.14
2026-02-16,16-Feb-2026,15-Mar-2026,28,469.4,469.4,True,1,136.92,128.77,89.72,113.99,0.4378,0.2585,0.2805,0.2046,1.375,180.22
2026-03-16,16-Mar-2026,12-Apr-2026,28,414.98,414.99,True,1,88.32,117.2,79.13,130.34,0.4378,0.2585,0.2805,0.2046,1.375,156.34
2026-04-13,13-Apr-2026,10-May-2026,28,443.78,443.78,True,1,85.46,95.78,101.85,160.69,0.4378,0.2585,0.2805,0.2046,1.375,162.12
2026-05-11,11-May-2026,07-Jun-2026,28,609.2,609.21,True,1,97.79,128.51,194.76,188.15,0.4378,0.2585,0.2805,0.2046,1.375,207.66
2026-06-08,08-Jun-2026,05-Jul-2026,28,805.32,805.32,True,1,120.93,143.05,317.88,223.46,0.4378,0.2585,0.2805,0.2046,1.375,263.31
2026-07-06,06-Jul-2026,02-Aug-2026,28,887.08,887.08,True,1,141.76,160.45,371.81,213.06,0.4378,0.2585,0.2805,0.2046,1.375,289.92
2026-08-03,03-Aug-2026,30-Aug-2026,28,959.11,959.1,True,1,150.9,174.95,401.69,231.56,0.4378,0.2585,0.2805,0.2046,1.375,309.83
